<?xml version="1.0" encoding="UTF-8"?>
<beans xmlns="http://www.springframework.org/schema/beans"
	xmlns:xsi="http://www.w3.org/2001/XMLSchema-instance"
	xmlns:egov-security="http://www.egovframe.go.kr/schema/egov-security"
	xmlns:security="http://www.springframework.org/schema/security" 
	
	xsi:schemaLocation="http://www.springframework.org/schema/beans http://www.springframework.org/schema/beans/spring-beans-3.2.xsd
		http://www.egovframe.go.kr/schema/egov-security http://www.egovframe.go.kr/schema/egov-security/egov-security-3.0.xsd
		http://www.springframework.org/schema/security http://www.springframework.org/schema/security/spring-security-3.2.xsd">

<!--
수정일      			수정자				수정내용
=========	======= 		=================================================
2011.09.07		서준식				일반, 업무사용자의 경우 조직아이디가 없어 로그인이 안되던 문제 수정(SQL 수정)
2011.09.25		서준식				usersByUsernameQuery 쿼리의 조직 아이디 비교 부분  오류 수정 > alias 추가
2014.06.13		Vincent Han		표준프레임워크 3.0 적용 (간소화 설정 사용)
-->

	<security:http pattern="/css/**" security="none"/>
	<security:http pattern="/html/**" security="none"/>
    <security:http pattern="/images/**" security="none"/>
 	<security:http pattern="/js/**" security="none"/>
 	<security:http pattern="/resource/**" security="none"/>
 	<security:http pattern="\A/WEB-INF/jsp/.*\Z" request-matcher="regex" security="none"/>

<bean id="webexpressionHandler" class="org.springframework.security.web.access.expression.DefaultWebSecurityExpressionHandler" /> 
<!-- <http use-expressions="true" /> -->


<egov-security:config id="securityConfig"
		loginUrl="/login/loginUsr.do"
		logoutSuccessUrl="/Content.do"
		loginFailureUrl="/uat/uia/egovLoginUsr.do?login_error=1"
		accessDeniedUrl="/sec/ram/accessDenied.do"

		dataSource="egov.dataSource"
		jdbcUsersByUsernameQuery="SELECT USER_ID, ESNTL_ID AS PASSWORD, 1 ENABLED, USER_NM, USER_ZIP,
                                                              USER_ADRES, USER_EMAIL, USER_SE, ORGNZT_ID, ESNTL_ID,
                                                              (select a.ORGNZT_NM from COMTNORGNZTINFO a where a.ORGNZT_ID = m.ORGNZT_ID) ORGNZT_NM
                                                       FROM COMVNUSERMASTER m WHERE CONCAT(USER_SE, USER_ID) = ?"
		jdbcAuthoritiesByUsernameQuery="SELECT A.SCRTY_DTRMN_TRGET_ID USER_ID, A.AUTHOR_CODE AUTHORITY
                                                             FROM COMTNEMPLYRSCRTYESTBS A, COMVNUSERMASTER B
                                                             WHERE A.SCRTY_DTRMN_TRGET_ID = B.ESNTL_ID AND B.USER_ID = ?"
		jdbcMapClass="egovframework.com.sec.security.common.EgovSessionMapping"

		requestMatcherType="regex"
		hash="plaintext"
		hashBase64="false"

		concurrentMaxSessons="1"
		concurrentExpiredUrl="/login/loginUsr.do"
		defaultTargetUrl="/login/successLogin.do"
		
	/>
	
<!-- loginUrl	로그인 페이지 URL	필수	 -->
<!-- <egov-security:config id="securityConfig" -->
<!-- +		loginUrl="/uat/uia/egovLoginUsr.do"   /login/loginUsr.do   -->  
<!-- +		logoutSuccessUrl="/EgovContent.do" -->
<!-- +		loginFailureUrl="/uat/uia/egovLoginUsr.do?login_error=1" -->
<!-- +		accessDeniedUrl="/sec/ram/accessDenied.do" -->
<!-- defaultTargetUrl="/EgovContent.do" "/customer/noticeList.do"  -->
<!-- logoutSuccessUrl	로그아웃 처리 시 호출되는 페이지 URL	필수	 -->
<!-- loginFailureUrl	로그인 실패 시 호출되는 페이지 URL	필수	 -->
<!-- accessDeniedUrl	권한이 없는 경우 호출되는 페이지 URL	필수	 -->
<!-- dataSource	DBMS 설정 dataSource	선택	미지정시 'dataSource' bean name 사용 -->
<!-- jdbcUsersByUsernameQuery	인증에 사용되는 query	선택	default : “select user_id, password, enabled, users.* from users where user_id = ?” -->
<!-- jdbcAuthoritiesByUsernameQuery	인증된 사용자의 권한(authority) 조회 query	선택	default : “select user_id, authority from authorites where user_id = ?” -->
<!-- jdbcMapClass	사용자 정보 mapping 처리 class	선택	default : egovframework.rte.fdl.security.userdetails.DefaultMapUserDetailsMapping -->
<!-- requestMatcherType	패턴 매칭 방식(regex, ant, ciRegex: case-insensitive regex)	선택	default : regex -->
<!-- hash	패스워드 저장 방식 (sha-256, plaintext, sha, md5, bcrypt)	선택	default : sha-256 -->
<!-- hashBase64	hash값 base64 인코딩 사용 여부	선택	default : true -->
<!-- concurrentMaxSessons	동시 접속가능 연결수	선택	default : 999 -->
<!-- concurrentExpiredUrl	expired된 경우 redirect되는 페이지 URL	선택	 -->
<!-- defaultTargetUrl	로그인 성공시 redirect되는 페이지 URL	선택	미지정시 처음 접속하고자 했던 페이지 URL로 redirect됨 -->
	

	<egov-security:secured-object-config id="securedObjectConfig"
		sqlHierarchicalRoles="
			SELECT a.CHLDRN_ROLE child, a.PARNTS_ROLE parent
			FROM COMTNROLES_HIERARCHY a LEFT JOIN COMTNROLES_HIERARCHY b on (a.CHLDRN_ROLE = b.PARNTS_ROLE)"
		sqlRolesAndUrl="
			SELECT a.ROLE_PTTRN url, b.AUTHOR_CODE authority
			FROM COMTNROLEINFO a, COMTNAUTHORROLERELATE b
			WHERE a.ROLE_CODE = b.ROLE_CODE
				AND a.ROLE_TY = 'url'  ORDER BY a.ROLE_SORT"
		sqlRolesAndMethod="
			SELECT a.ROLE_PTTRN method, b.AUTHOR_CODE authority
			FROM COMTNROLEINFO a, COMTNAUTHORROLERELATE b
			WHERE a.ROLE_CODE = b.ROLE_CODE
				AND a.ROLE_TY = 'method'  ORDER BY a.ROLE_SORT"
		sqlRolesAndPointcut="
			SELECT a.ROLE_PTTRN pointcut, b.AUTHOR_CODE authority
			FROM COMTNROLEINFO a, COMTNAUTHORROLERELATE b
			WHERE a.ROLE_CODE = b.ROLE_CODE
				AND a.ROLE_TY = 'pointcut'  ORDER BY a.ROLE_SORT"
		sqlRegexMatchedRequestMapping="
			SELECT a.resource_pattern uri, b.authority authority
			FROM COMTNSECURED_RESOURCES a, COMTNSECURED_RESOURCES_ROLE b
			WHERE a.resource_id = b.resource_id
				AND a.resource_type = 'url'"
	/>

	<egov-security:initializer id="initializer"
		supportMethod="true"
		supportPointcut="false"
	/>

</beans>
